E,SD,WR,FA,MI,FP,TL,PC,S_n,s_mean,s_sd
"2000 AKRON, CO",265,0,0,0,0,NA,NA,180,2.465104984,0.360492512
"2000 ALTUS, OK",291,0,0,0,0,1,NA,92,4.19307915,0.378453961
"2000 ALVA, OK",277,0,0,0,0,1,NA,88,3.996454118,0.329653795
"2000 APACHE, OK",313,0,0,0,0,1,NA,88,3.547334475,0.394051354
"2000 BALKO, OK",265,0,0,0,0,1,NA,120,1.773374804,0.469036457
"2000 BELLEVILLE, KS",274,0,0,0,0,NA,SOR,184,4.485069881,0.619102415
"2000 BENNETT, CO",258,0,0,0,0,NA,NA,180,2.307703803,0.575629832
"2000 BOISE CITY, OK",288,0,0,0,0,1,NA,120,2.373957633,0.49963744
"2000 BURLINGTON, CO",256,0,0,0,0,NA,NA,180,2.541171636,0.691069803
"2000 CHEROKEE, OK",277,0,0,0,0,1,NA,92,3.180023976,0.51119944
"2000 CHEYENNE WELLS, CO",261,0,0,0,0,NA,NA,180,2.936337144,0.319033471
"2000 CHICKASHA, OK",252,0,0,0,1,1,NA,96,1.64929388,0.394165267
"2000 CHICKASHA, OK",313,0,0,0,0,1,NA,88,3.73089503,0.507014025
"2000 COLBY, KS",258,1,0,0,0,NA,CAN,156,4.140266929,0.539979153
"2000 COLBY, KS",264,0,0,0,0,NA,FAL,200,2.818443174,0.529097167
"2000 ELK CITY, OK",273,0,0,0,0,1,NA,92,3.164381158,0.227620962
"2000 FREDERICK, OK",291,0,0,0,0,1,NA,88,2.463242037,0.367984774
"2000 GAGE, OK",278,0,0,0,0,1,NA,96,1.818748599,0.28935118
"2000 GARDEN CITY, KS",266,0,0,0,0,NA,FAL,196,2.209382677,0.324003907
"2000 GARDEN CITY, KS",267,1,0,0,0,NA,MAI,156,3.575203042,0.698599579
"2000 GENOA, CO",257,0,0,0,0,NA,NA,180,3.903721139,0.44369493
"2000 GOODWELL, OK",272,0,0,0,0,1,NA,116,2.827435475,0.368187192
"2000 GOODWELL, OK",278,1,0,0,0,1,NA,116,3.824641143,0.621766459
"2000 HASKELL, OK",288,0,0,0,0,1,NA,84,2.301934224,0.392438014
"2000 HAXTUN, CO",265,1,0,0,0,NA,NA,90,7.970709109,0.99053475
"2000 HAYS, KS",265,0,0,0,0,NA,FAL,200,4.203160726,0.557783269
"2000 HESSTON, KS",288,0,0,0,0,NA,SOY,116,2.860967465,0.320026901
"2000 HUTCHINSON, KS",291,0,0,0,0,NA,SOY,116,2.277282425,0.54339332
"2000 JULESBURG, CO",258,0,0,0,0,NA,NA,180,2.189382052,0.518230153
"2000 KINGFISHER, OK",274,0,0,0,0,1,NA,92,3.233677378,0.454069351
"2000 LAHOMA, OK",285,0,0,0,0,1,NA,92,1.879184819,0.509236816
"2000 LAMAR, CO",260,0,0,0,0,NA,NA,180,1.718149892,0.246554546
"2000 LAMONT, OK",312,0,0,0,0,1,NA,88,2.841138351,0.565153345
"2000 MARSHALL, OK",265,0,0,0,0,1,NA,92,2.826086957,0.506348732
"2000 MARSHALL, OK",310,0,0,0,1,1,NA,92,2.960732142,0.49471343
"2000 OTTAWA, KS",291,0,0,0,0,NA,SOY,88,3.547219845,0.339367049
"2000 PARSONS, KS",280,0,0,0,0,NA,WHE,104,3.356829704,0.590621459
"2000 PERKINS, OK",253,0,0,0,1,1,NA,96,1.203135508,0.291929642
"2000 PERKINS, OK",309,0,0,0,0,1,NA,88,2.999556765,0.457048067
"2000 ROCKY FORD, CO",272,1,0,0,0,NA,NA,90,5.654785922,0.747766906
"2000 ST. JOHN, KS",273,0,0,0,0,NA,SOR,204,3.203416538,0.621346985
"2000 ST. JOHN, KS",274,1,0,0,0,NA,MAI,132,3.398137393,1.051880563
"2000 TONKAWA, OK",286,0,0,0,0,1,NA,92,3.46510336,0.378131274
"2000 TRIBUNE, KS",260,0,0,0,0,NA,FAL,192,0.943661035,0.465793513
"2000 WALSH, CO",267,0,0,0,0,NA,NA,180,2.44201599,0.392418427
"2001 AKRON, CO",262,0,0,0,0,NA,NA,180,3.327542405,0.702078033
"2001 ALTUS, OK",326,0,0,0,0,1,NA,84,2.575495565,0.491152654
"2001 ALVA, OK",284,0,0,0,0,1,NA,76,3.794906736,0.341694539
"2001 APACHE, OK",327,0,0,0,0,1,NA,76,2.970215552,0.360151681
"2001 BALKO, OK",291,0,0,0,0,1,NA,57,2.649689119,0.357959977
"2001 BELLEVILLE, KS",283,0,0,0,0,NA,WHE,144,3.464530561,0.705843559
"2001 BOISE CITY, OK",266,0,0,0,0,1,NA,76,5.29628712,0.741154152
"2001 BOISE CITY, OK",266,0,0,0,1,1,NA,76,5.103121792,0.744746987
"2001 BRIGGSDALE, CO",271,0,0,0,0,NA,NA,180,3.654412314,0.591584532
"2001 BUFFALO, OK",291,0,0,0,0,1,NA,76,3.864633844,0.378418735
"2001 BURLINGTON, CO",258,0,0,0,0,NA,NA,180,2.326496301,0.352006979
"2001 CHEROKEE, OK",285,0,0,0,0,1,NA,80,2.867014122,0.285659894
"2001 CHEYENNE WELLS, CO",270,0,0,0,0,NA,NA,120,2.470690428,0.42463842
"2001 CHICKASHA, OK",263,0,0,0,1,1,NA,104,3.426555791,0.600547297
"2001 CHICKASHA, OK",293,0,0,0,0,1,NA,88,3.711790059,0.718895896
"2001 COLBY, KS",270,1,0,0,0,NA,SOY,84,4.373659013,0.475627871
"2001 COLBY, KS",271,0,0,0,0,NA,FAL,140,4.826453069,0.288692958
"2001 FORT COLLINS, CO",284,1,0,0,0,NA,NA,150,6.74884555,1.191461218
"2001 GAGE, OK",319,0,0,0,0,1,NA,96,2.463853396,0.656618778
"2001 GARDEN CITY, KS",273,1,0,0,0,NA,MAI,88,2.780193495,0.406504847
"2001 GARDEN CITY, KS",325,0,0,0,0,NA,FAL,140,1.861293112,0.400274843
"2001 GENOA, CO",271,0,0,0,0,NA,NA,180,2.53145782,0.474400168
"2001 GOODWELL, OK",261,1,0,0,0,1,NA,76,4.22061374,0.440155327
"2001 GOODWELL, OK",291,0,0,0,0,1,NA,76,3.220702226,0.382379027
"2001 HASKELL, OK",273,0,0,0,0,1,NA,80,4.31338265,0.39852133
"2001 HAXTUN, CO",265,1,0,0,0,NA,NA,90,5.625046701,0.636335558
"2001 HESSTON, KS",294,0,0,0,0,NA,SOY,104,2.423076923,0.626284165
"2001 HUTCHINSON, KS",295,0,0,0,0,NA,CAN,108,3.361858328,0.516299831
"2001 JULESBURG, CO",276,0,0,0,0,NA,NA,180,2.581073003,0.425715684
"2001 KINGFISHER, OK",322,0,0,0,0,1,NA,104,2.680668357,0.352244869
"2001 LAHOMA, OK",322,0,0,0,0,1,NA,96,2.133770455,0.337282118
"2001 LAMAR, CO",269,0,0,0,0,NA,NA,180,2.698796981,0.434252853
"2001 LAMONT, OK",305,0,0,0,0,1,NA,80,1.698386012,0.539775241
"2001 MANHATTAN, KS",284,0,0,0,0,NA,OTH,54,4.138608683,0.721944789
"2001 MARSHALL, OK",284,0,0,0,0,1,NA,76,2.978444767,0.563963727
"2001 MARSHALL, OK",284,0,0,0,1,1,NA,76,2.532120483,0.380519608
"2001 OTTAWA, KS",286,0,0,0,0,NA,WHE,92,3.605596328,0.547823152
"2001 PARSONS, KS",325,0,0,0,0,NA,MAI,124,3.132861141,0.639415064
"2001 PERKINS, OK",276,0,0,0,1,1,NA,104,3.994555377,0.210700374
"2001 PERKINS, OK",294,0,0,0,0,1,NA,88,3.008421471,0.334307943
"2001 ST. JOHN, KS",NA,0,0,0,0,NA,SOR,162,2.729536643,1.163242793
"2001 ST. JOHN, KS",NA,1,0,0,0,NA,MAI,76,3.100361024,1.206443296
"2001 TRIBUNE, KS",259,0,0,0,0,NA,FAL,140,3.306643289,0.419492131
"2001 WALSH, CO",285,0,0,0,0,NA,NA,180,2.456138385,0.509784904
"2002 AKRON, CO",263,0,0,0,0,NA,NA,180,2.415190914,0.348947178
"2002 ALVA, OK",267,0,0,0,0,1,NA,76,1.154302198,0.44324265
"2002 APACHE, OK",315,0,0,0,0,1,NA,76,2.777404169,0.425127462
"2002 BELLEVILLE, KS",275,0,0,0,0,NA,MAI,108,5.440384567,0.736117531
"2002 BENNETT, CO",255,0,0,0,0,NA,NA,180,1.860532018,0.306818683
"2002 CHEROKEE, OK",267,0,0,0,0,1,NA,54,0.738000946,0.408232031
"2002 CHICKASHA, OK",256,0,0,0,1,1,NA,76,2.968534315,0.418145897
"2002 CHICKASHA, OK",291,0,0,0,0,1,NA,76,3.408487594,0.495376483
"2002 COLBY, KS",269,0,0,0,0,NA,FAL,164,2.540046255,0.470737338
"2002 COLBY, KS",270,1,0,0,0,NA,WHE,96,3.579802735,0.425961307
"2002 ELK CITY, OK",255,0,0,0,0,1,NA,76,2.189678972,0.330066625
"2002 FORT COLLINS, CO",271,1,0,0,0,NA,NA,90,2.999925278,0.782673717
"2002 FREDERICK, OK",321,0,0,0,0,1,NA,76,3.036668672,0.286408951
"2002 GAGE, OK",271,0,0,0,0,1,NA,76,1.481701058,0.431804451
"2002 GARDEN CITY, KS",269,1,0,0,0,NA,MAI,136,4.097160687,0.575289977
"2002 GARDEN CITY, KS",271,0,0,0,0,NA,FAL,196,1.550227825,0.350281198
"2002 GOODWELL, OK",257,1,0,0,0,1,NA,76,3.334079567,0.869263298
"2002 HASKELL, OK",295,0,0,0,0,1,NA,76,2.825275192,0.475562475
"2002 HAXTUN, CO",263,1,0,0,0,NA,NA,90,5.570873496,0.807208446
"2002 HAYS, KS",274,0,0,0,0,NA,FAL,168,2.810428475,0.372767108
"2002 HESSTON, KS",276,0,0,0,0,NA,SOY,88,2.99081433,0.511384793
"2002 HUTCHINSON, KS",NA,0,0,0,0,NA,SOR,88,1.901372501,0.463648814
"2002 JULESBURG, CO",274,0,0,0,0,NA,NA,180,2.266270642,0.47862885
"2002 KINGFISHER, OK",321,0,0,0,0,1,NA,76,3.314869217,0.351833805
"2002 LAHOMA, OK",270,0,0,0,0,1,NA,76,3.988072063,0.557876322
"2002 LAHOMA, OK",270,0,1,0,0,1,NA,76,4.150621173,0.638648855
"2002 LAMONT, OK",268,0,0,0,0,1,NA,76,2.241531873,0.666978685
"2002 MARSHALL, OK",253,0,0,0,1,1,NA,76,3.032155877,0.61717694
"2002 MARSHALL, OK",275,0,0,0,0,1,NA,76,3.284695431,0.620942029
"2002 OLUSTEE, OK",318,0,0,0,0,1,NA,38,2.630871058,0.289293939
"2002 OTTAWA, KS",285,0,0,0,0,NA,WHE,84,3.147644666,0.305294567
"2002 PARSONS, KS",290,0,0,0,0,NA,MAI,116,2.168917979,0.586702278
"2002 PERKINS, OK",257,0,0,0,1,1,NA,76,3.635454642,0.426167544
"2002 PERKINS, OK",275,0,0,0,0,1,NA,76,3.195147418,0.378078502
"2002 ROCKY FORD, CO",267,1,0,0,0,NA,NA,90,5.919748935,0.764083352
"2002 ST. JOHN, KS",277,0,0,0,0,NA,SOR,92,4.6039224,0.713014901
"2002 ST. JOHN, KS",281,1,0,0,0,NA,MAI,88,4.20129761,0.873999752
"2002 TONKAWA, OK",307,0,0,0,0,1,NA,76,2.14410859,0.373936849
"2002 TRIBUNE, KS",257,0,0,0,0,NA,FAL,199,1.419305674,0.558358322
"2003 AKRON, CO",266,0,0,0,0,NA,NA,198,6.076875004,0.45938671
"2003 ALVA, OK",280,0,0,0,0,1,NA,72,4.80712471,0.347602445
"2003 APACHE, OK",316,0,0,0,0,1,NA,72,3.081054323,0.385681408
"2003 BELLEVILLE, KS",269,0,0,0,0,NA,MAI,93,6.622694174,1.024050285
"2003 BUFFALO, OK",277,0,0,0,0,1,NA,72,4.542049615,0.55521781
"2003 BURLINGTON, CO",260,0,0,0,0,NA,NA,198,3.106349303,0.40710885
"2003 CHEROKEE, OK",263,0,0,0,1,1,NA,72,4.028244788,0.423899535
"2003 CHEYENNE WELLS, CO",260,0,0,0,0,NA,NA,198,2.658562763,0.448674988
"2003 CHICKASHA, OK",268,0,0,0,1,1,NA,72,2.161977882,0.410275479
"2003 COLBY, KS",262,1,0,0,0,NA,OTH,104,5.659743417,0.668211053
"2003 COLBY, KS",266,0,0,0,0,NA,FAL,176,5.085414501,0.376748189
"2003 ELK CITY, OK",267,0,0,0,0,1,NA,72,4.392606292,0.430579252
"2003 FORT COLLINS, CO",268,1,0,0,0,NA,NA,90,7.569827393,0.875680512
"2003 FREDERICK, OK",261,0,0,0,0,1,NA,92,3.001374229,0.413680955
"2003 GAGE, OK",294,0,0,0,0,1,NA,72,2.592094448,0.399973708
"2003 GARDEN CITY, KS",270,1,0,0,0,NA,MAI,160,4.689656187,0.475679024
"2003 GARDEN CITY, KS",274,0,0,0,0,NA,FAL,152,2.48834637,0.394162633
"2003 GUYMON, OK",246,1,0,0,1,1,NA,72,4.089423149,0.46850058
"2003 GUYMON, OK",290,1,0,0,0,1,NA,136,4.584744254,0.583095071
"2003 HASKELL, OK",280,0,0,0,0,1,NA,72,3.533400583,0.491244614
"2003 HAYS, KS",281,0,0,0,0,NA,FAL,176,5.885362536,0.555256048
"2003 HESSTON, KS",284,0,0,0,0,NA,SOY,116,4.353210584,0.68826447
"2003 HUTCHINSON, KS",289,0,0,0,0,NA,FAL,116,3.761015004,1.07399832
"2003 JULESBURG, CO",261,0,0,0,0,NA,NA,198,4.696833839,0.376343566
"2003 KILDARE, OK",284,0,0,0,0,1,NA,88,4.133551385,0.44833525
"2003 KINGFISHER, OK",288,0,0,0,0,1,NA,72,4.118844803,0.507526773
"2003 LAHOMA, OK",281,0,0,0,0,1,NA,72,4.904262871,0.462316894
"2003 LAMONT, OK",284,0,0,0,0,1,NA,72,3.424493761,0.689743676
"2003 MANHATTAN, KS",283,0,0,0,0,NA,OTH,56,4.607503122,0.61448127
"2003 MARSHALL, OK",268,0,0,0,1,1,NA,72,3.573656878,0.455362833
"2003 MARSHALL, OK",288,0,0,0,0,1,NA,72,3.395445715,0.759758062
"2003 OLUSTEE, OK",295,0,0,0,0,1,NA,72,3.001755959,0.299410128
"2003 ORCHARD, CO",268,0,0,0,0,NA,NA,198,2.201368086,0.248521092
"2003 OTTAWA, KS",282,0,0,0,0,NA,SOY,80,5.044124075,0.707145493
"2003 PARSONS, KS",287,0,0,0,0,NA,MAI,80,3.947251177,0.923731517
"2003 PERKINS, OK",268,0,0,0,1,1,NA,72,3.918217141,0.238373722
"2003 PITTSBURG, KS",289,0,0,0,0,NA,SOY,60,3.619872226,0.772039318
"2003 ST. JOHN, KS",295,0,0,0,0,NA,SOR,152,3.697996673,1.187059352
"2003 TRIBUNE, KS",263,0,0,0,0,NA,FAL,176,1.350759614,0.346843185
"2003 TRIBUNE, KS",266,1,1,0,0,NA,OTH,104,5.086273343,0.500890164
"2003 WALSH, CO",266,0,0,0,0,NA,NA,198,1.255120132,0.357875915
"2004 AKRON, CO",265,0,0,0,0,NA,NA,138,3.933559448,0.54729317
"2004 ALVA, OK",269,0,0,0,0,1,NA,64,3.170708642,0.420350536
"2004 APACHE, OK",286,0,0,0,0,1,NA,64,2.629980666,0.346729386
"2004 BALKO, OK",262,0,0,0,0,1,NA,62,0.965897998,0.352182279
"2004 BELLEVILLE, KS",278,0,0,0,0,NA,MAI,102,5.010390706,0.623844807
"2004 BENNETT, CO",252,0,0,0,0,NA,NA,138,3.58162042,0.340620912
"2004 BUFFALO, OK",266,0,0,0,0,1,NA,64,3.48919805,0.485981385
"2004 CHEROKEE, OK",266,0,0,0,1,1,NA,64,3.198764291,0.433407165
"2004 COLBY, KS",268,0,0,0,0,NA,FAL,172,3.561447272,0.48648556
"2004 COLUMBUS, KS",302,0,0,0,0,NA,SOY,80,3.319636853,0.525752348
"2004 DODGE CITY, KS",265,0,0,0,0,NA,WHE,152,3.408107104,0.394689482
"2004 ELK CITY, OK",265,0,0,0,1,1,NA,64,3.027698386,0.367039361
"2004 FREDERICK, OK",260,0,0,0,0,1,NA,64,3.229026564,0.361413904
"2004 GAGE, OK",259,0,0,0,1,1,NA,64,2.405115165,0.579665275
"2004 GARDEN CITY, KS",262,0,0,0,0,NA,FAL,152,2.128689874,0.276463101
"2004 GARDEN CITY, KS",266,1,0,0,0,NA,SOY,128,6.122924723,0.734637741
"2004 GOODWELL, OK",NA,0,0,0,0,1,NA,64,4.368905514,0.642643151
"2004 HASKELL, OK",276,0,0,0,0,1,NA,64,3.038521352,0.363415137
"2004 HAXTUN, CO",267,1,0,0,0,NA,NA,90,7.786968542,0.656810074
"2004 HAYS, KS",274,0,0,0,0,NA,FAL,172,3.591709545,0.519730504
"2004 HESSTON, KS",296,0,0,0,0,NA,SOY,80,3.573772697,0.245262828
"2004 HUTCHINSON, KS",293,0,0,0,0,NA,FAL,80,3.350941493,0.31626512
"2004 JULESBURG, CO",260,0,0,0,0,NA,NA,138,3.261454343,0.617442082
"2004 KILDARE, OK",275,0,0,0,0,1,NA,64,3.365732179,0.482782885
"2004 KINGFISHER, OK",290,0,0,0,0,1,NA,64,3.367623571,0.475947857
"2004 LAHOMA, OK",289,0,0,0,0,1,NA,64,3.733082549,0.579111136
"2004 LAMONT, OK",262,0,0,0,1,1,NA,64,3.16839694,0.58425211
"2004 LOYAL, OK",260,0,0,0,1,0,NA,64,2.517022529,0.502301763
"2004 MARSHALL, OK",250,0,0,0,1,1,NA,96,3.288360233,0.432890366
"2004 MARSHALL, OK",251,0,0,0,1,1,NA,64,2.60812458,0.374570338
"2004 MARSHALL, OK",276,0,0,0,0,1,NA,96,3.537813831,0.464456047
"2004 OLUSTEE, OK",295,0,0,0,0,1,NA,64,2.545603564,0.395758402
"2004 OTTAWA, KS",281,0,0,0,0,NA,SOY,80,4.461407196,0.438671501
"2004 PARSONS, KS",294,0,0,0,0,NA,SOY,80,3.733296907,0.513942076
"2004 ROCKY FORD, CO",274,1,0,0,0,NA,NA,90,6.033998356,0.731495645
"2004 SHERIDAN LAKE, CO",253,0,0,0,0,NA,NA,138,2.701431732,0.560993531
"2004 ST. JOHN, KS",297,0,0,0,0,NA,SOR,152,5.072005628,0.76306237
"2004 TRIBUNE, KS",262,1,0,0,0,NA,WHE,124,3.693656854,0.815049589
"2004 WALTERS, OK",262,0,0,0,1,1,NA,64,2.722238568,0.400866344
"2004 YUMA, CO",259,0,0,0,0,NA,NA,138,2.465424988,0.469154357
"2005 AKRON, CO",271,0,0,0,0,NA,NA,156,1.572646699,0.344322675
"2005 ALVA, OK",274,0,0,0,0,1,NA,72,3.110690802,0.452140405
"2005 APACHE, OK",295,0,0,0,0,1,NA,80,3.076891392,0.541300059
"2005 APACHE, OK",295,0,1,0,0,1,NA,80,3.326000336,0.573336053
"2005 ARAPAHOE, CO",245,0,0,0,0,NA,NA,156,1.459227838,0.340220781
"2005 BALKO, OK",292,0,0,0,0,1,NA,118,2.538600071,0.383630471
"2005 BELLEVILLE, KS",274,0,0,0,0,NA,SOR,93,5.607819742,0.955663324
"2005 BENNETT, CO",255,0,0,0,0,NA,NA,156,2.220957702,0.448298359
"2005 BUFFALO, OK",313,0,0,0,0,1,NA,64,2.495155935,0.358281245
"2005 BURLINGTON, CO",257,0,0,0,0,NA,NA,155,1.265678895,0.441877018
"2005 CHEROKEE, OK",271,0,0,0,1,1,NA,84,2.740529029,0.444878005
"2005 COLBY, KS",264,1,0,0,0,NA,WHE,124,4.818675836,0.964348638
"2005 COLUMBUS, KS",293,0,0,0,0,NA,SOR,76,3.044853644,0.446791235
"2005 DODGE CITY, KS",295,0,0,0,0,NA,SOR,152,3.284253,0.477471535
"2005 EL RENO, OK",264,0,0,0,0,1,NA,88,3.105543498,0.478686008
"2005 EL RENO, OK",264,0,0,0,1,1,NA,64,3.844275387,0.541725232
"2005 ELK CITY, OK",273,0,0,0,1,1,NA,92,2.550042396,0.714696717
"2005 FORT COLLINS, CO",254,1,0,0,0,NA,NA,102,4.87611588,1.356405075
"2005 FREDERICK, OK",264,0,0,0,1,1,NA,54,1.280940995,0.31311959
"2005 GAGE, OK",272,0,0,0,0,1,NA,72,3.144707838,0.544496438
"2005 GARDEN CITY, KS",292,0,0,0,0,NA,FAL,152,2.663234878,0.544333827
"2005 GENOA, CO",253,0,0,0,0,NA,NA,156,3.798992982,0.656812778
"2005 GOODWELL, OK",275,0,0,0,0,1,NA,111,2.309390089,0.653284896
"2005 GOODWELL, OK",275,1,0,0,0,1,NA,119,4.638344645,0.939257182
"2005 HASKELL, OK",292,0,0,0,0,1,NA,64,3.544142989,0.827307986
"2005 JULESBURG, CO",259,0,0,0,0,NA,NA,156,1.814658666,0.520506946
"2005 KINGFISHER, OK",293,0,0,0,0,1,NA,64,3.169248067,0.361764548
"2005 LAHOMA, OK",279,0,0,0,0,1,NA,64,3.328198554,0.618293774
"2005 LAHOMA, OK",279,0,1,0,0,1,NA,64,3.973425941,0.462669207
"2005 LAMAR, CO",259,0,0,0,0,NA,NA,156,2.547764385,0.691278052
"2005 MARSHALL, OK",244,0,0,0,1,1,NA,80,1.060524546,0.272718644
"2005 MARSHALL, OK",303,0,0,0,0,1,NA,80,2.034465367,0.465625623
"2005 OLUSTEE, OK",289,0,0,0,0,1,NA,64,3.116740921,0.537088769
"2005 PARSONS, KS",293,0,0,0,0,NA,MAI,76,3.817523803,0.611763173
"2005 ROCKY FORD, CO",302,1,0,0,0,NA,NA,102,5.905824334,0.480563212
"2005 SHERIDAN LAKE, CO",251,0,0,0,0,NA,NA,156,1.650285379,0.374632424
"2005 STRATTON, CO",261,1,0,0,0,NA,NA,102,5.363938447,0.957781106
"2005 WALSH, CO",272,0,0,0,0,NA,NA,155,3.218213767,0.522348067
"2005 YUMA, CO",257,0,0,0,0,NA,NA,156,1.415774318,0.357073311
"2006 AKRON, CO",NA,0,0,0,0,NA,NA,216,1.697115744,0.592307146
"2006 ALVA, OK",286,0,0,0,0,1,NA,69,1.817870822,0.262325771
"2006 APACHE, OK",290,0,0,0,0,1,NA,88,1.935058385,0.346427307
"2006 APACHE, OK",290,0,1,0,0,1,NA,88,2.047938192,0.308617828
"2006 ARAPAHOE, CO",NA,0,0,0,0,NA,NA,214,0.961259263,0.254001421
"2006 BALKO, OK",276,0,0,0,0,1,NA,108,1.125937134,0.283985535
"2006 BENNETT, CO",NA,0,0,0,0,NA,NA,216,2.282497696,0.286262033
"2006 BUFFALO, OK",298,0,0,0,0,1,NA,54,1.826434033,0.429166805
"2006 BURLINGTON, CO",NA,0,0,0,0,NA,NA,216,1.094983686,0.297075968
"2006 CHEROKEE, OK",265,0,0,0,1,1,NA,79,0.654959012,0.319643279
"2006 COLBY, KS",NA,0,0,0,0,NA,FAL,172,1.505188377,0.473695723
"2006 COLBY, KS",NA,1,0,0,0,NA,WHE,148,1.920368418,0.380195462
"2006 COLUMBUS, KS",299,0,0,0,0,NA,SOY,92,2.296541037,0.456559186
"2006 EL RENO, OK",263,0,0,0,1,1,NA,72,2.527964582,0.4488855
"2006 ELK CITY, OK",291,0,0,0,1,1,NA,88,2.140788347,0.280251563
"2006 FORT COLLINS, CO",NA,1,0,0,0,NA,NA,120,3.241425689,0.572430922
"2006 GAGE, OK",271,0,0,0,1,1,NA,72,0.871777628,0.268556046
"2006 GARDEN CITY, KS",298,0,0,0,0,NA,FAL,160,1.547747142,0.320568579
"2006 GENOA, CO",NA,0,0,0,0,NA,NA,216,1.847181748,0.332781219
"2006 HASKELL, OK",283,0,0,0,0,1,NA,80,2.839055145,0.453111605
"2006 HAXTUN, CO",NA,1,0,0,0,NA,NA,120,7.339722035,0.802107608
"2006 HOOKER, OK",270,0,0,0,0,1,NA,40,2.261785474,0.322440369
"2006 HUTCHINSON, KS",285,0,0,0,0,NA,WHE,100,3.630107599,0.473693355
"2006 JULESBURG, CO",NA,0,0,0,0,NA,NA,142,0.688786383,0.322412139
"2006 KINGFISHER, OK",287,0,0,0,0,1,NA,76,1.789721446,0.38976674
"2006 LAHOMA, OK",284,0,0,0,0,1,NA,76,4.532023148,0.522282334
"2006 LAHOMA, OK",284,0,1,0,0,1,NA,76,4.651028209,0.556173563
"2006 LAMAR, CO",NA,0,0,0,0,NA,NA,216,1.526034272,0.289758049
"2006 LAMONT, OK",273,0,0,0,0,1,NA,92,2.906961785,0.589307309
"2006 MARSHALL, OK",250,0,0,0,1,1,NA,60,1.457128447,0.472302695
"2006 MARSHALL, OK",287,0,0,0,0,1,NA,69,1.951599856,0.568656141
"2006 ORCHARD, CO",NA,0,0,0,0,NA,NA,215,2.676310974,0.367534467
"2006 PARSONS, KS",292,0,0,0,0,NA,MAI,92,2.545437268,0.603387803
"2006 ROCKY FORD, CO",NA,1,0,0,0,NA,NA,120,3.967440036,0.634853483
"2006 SHERIDAN LAKE, CO",NA,0,0,0,0,NA,NA,216,2.466811129,0.416657845
"2006 WALSH, CO",NA,0,0,0,0,NA,NA,216,1.222819996,0.284908194
"2006 YUMA, CO",NA,0,0,0,0,NA,NA,216,2.438136691,0.518161911
"2007 AKRON, CO",269,0,0,0,0,NA,NA,158,3.611255352,1.174135085
"2007 ALVA, OK",299,0,0,0,0,1,NA,104,1.992621954,0.349723172
"2007 ARAPAHOE, CO",262,0,0,0,0,NA,NA,160,3.122183927,0.455041099
"2007 BALKO, OK",276,0,0,0,0,0,NA,128,5.913463559,0.53462536
"2007 BENNETT, CO",255,0,0,0,0,NA,NA,160,3.626933423,0.471825906
"2007 BUFFALO, OK",296,0,0,0,0,1,NA,96,3.947363259,0.403232496
"2007 BURLINGTON, CO",256,0,0,0,0,NA,NA,160,2.382943847,0.452633405
"2007 CHEROKEE, OK",NA,0,0,0,0,1,NA,96,1.932701468,0.469908607
"2007 COLBY, KS",262,0,0,0,0,NA,FAL,204,5.110677401,0.447733804
"2007 COLBY, KS",272,1,0,0,0,NA,FAL,152,6.204670622,0.535689277
"2007 COLUMBUS, KS",303,0,0,0,0,NA,SOY,72,1.510958572,0.445537577
"2007 DAILEY, CO",278,1,0,0,0,NA,NA,96,5.54990473,0.606362486
"2007 EL RENO, OK",255,0,0,0,0,0,NA,80,1.495233692,0.385819184
"2007 EL RENO, OK",255,0,0,0,0,1,NA,80,1.441526564,0.323572358
"2007 EL RENO, OK",255,0,0,0,1,0,NA,80,1.037449563,0.362060366
"2007 EL RENO, OK",255,0,0,0,1,1,NA,95,0.981644427,0.330222501
"2007 ELK CITY, OK",270,0,0,0,1,1,NA,91,3.389618451,0.639595207
"2007 FORT COLLINS, CO",261,1,0,0,0,NA,NA,96,5.681111298,0.927983638
"2007 FREDERICK, OK",276,0,0,0,0,0,NA,100,2.986677875,0.472858061
"2007 GAGE, OK",257,0,0,0,0,1,NA,92,2.960337417,0.466505938
"2007 GARDEN CITY, KS",276,0,0,0,0,NA,FAL,144,2.937308159,0.468460688
"2007 GARDEN CITY, KS",277,1,0,0,0,NA,MAI,152,4.808802015,0.644302649
"2007 GENOA, CO",258,0,0,0,0,NA,NA,160,2.362979153,0.530650277
"2007 GOODWELL, OK",269,0,0,0,0,0,NA,132,4.831769273,0.736753615
"2007 GOODWELL, OK",272,1,0,0,0,0,NA,136,4.49649907,0.523522748
"2007 HESSTON, KS",282,0,0,0,0,NA,SOY,104,1.364244534,0.41203665
"2007 HOOKER, OK",275,0,0,0,0,1,NA,47,4.305856429,0.577349468
"2007 JULESBURG, CO",271,0,0,0,0,NA,NA,160,4.897612643,1.416508395
"2007 KEYES, OK",NA,0,0,0,0,0,NA,48,4.533148397,0.790376271
"2007 KINGFISHER, OK",279,0,0,0,0,1,NA,100,3.063106927,0.41155056
"2007 LAMAR, CO",262,0,0,0,0,NA,NA,160,4.475453934,0.694838867
"2007 MARSHALL, OK",248,0,0,0,1,1,NA,95,1.093108696,0.332794773
"2007 MARSHALL, OK",282,0,0,0,0,1,NA,96,1.985562374,0.417641703
"2007 OLUSTEE, OK",297,0,0,0,0,1,NA,92,3.534984357,0.407258413
"2007 ORCHARD, CO",261,0,0,0,0,NA,NA,160,3.3691577,0.477560169
"2007 OTTAWA, KS",279,0,0,0,0,NA,SOY,96,1.574273713,0.433809785
"2007 ROCKY FORD, CO",271,1,0,0,0,NA,NA,96,6.221769222,0.621227036
"2007 SHERIDAN LAKE, CO",263,0,0,0,0,NA,NA,160,4.297789173,0.551479891
"2007 TRIBUNE, KS",296,0,0,0,0,NA,FAL,204,3.271618422,0.520442204
"2007 WALSH, CO",263,0,0,0,0,NA,NA,155,3.80367486,0.372647465
"2007 YUMA, CO",259,0,0,0,0,NA,NA,160,3.759583053,0.738986132
"2008 AKRON, CO",NA,0,0,0,0,NA,NA,114,3.721492703,0.511132585
"2008 ALVA, OK",285,0,0,0,0,1,WHE,88,4.07468515,0.409921051
"2008 APACHE, OK",284,0,0,0,0,0,WHE,84,3.997157908,0.526923541
"2008 APACHE, OK",284,0,1,0,0,0,WHE,84,3.924208217,0.529131346
"2008 ARAPAHOE, CO",NA,0,0,0,0,NA,NA,114,2.541323045,0.508197163
"2008 BELLEVILLE, KS",279,0,0,0,0,NA,FAL,138,4.853642011,0.47976039
"2008 BURLINGTON, CO",NA,0,0,0,0,NA,NA,120,2.476742883,0.851337803
"2008 CHEROKEE, OK",274,0,0,0,1,1,WHE,60,3.228883658,0.48880645
"2008 COLBY, KS",267,0,0,0,0,NA,FAL,204,4.126101601,0.444603023
"2008 COLBY, KS",267,1,0,0,0,NA,FAL,156,6.560055926,0.433033718
"2008 COLUMBUS, KS",309,0,0,0,0,NA,CAN,132,4.26672638,0.285270561
"2008 EL RENO, OK",260,0,1,0,0,0,CAN,60,4.73616902,0.936578532
"2008 EL RENO, OK",260,0,1,0,0,1,CAN,60,4.062822237,0.880478962
"2008 EL RENO, OK",260,0,1,0,1,0,CAN,60,5.323481282,0.815051318
"2008 EL RENO, OK",260,0,1,0,1,1,CAN,60,4.212732571,0.802991049
"2008 ELK CITY, OK",275,0,0,0,0,1,WHE,84,1.739896564,0.239455752
"2008 FORT COLLINS, CO",NA,1,0,0,0,NA,NA,96,4.788934656,1.147072131
"2008 GAGE, OK",270,0,0,0,1,1,WHE,69,2.493669776,0.306956688
"2008 GENOA, CO",NA,0,0,0,0,NA,NA,114,2.003740016,0.627438499
"2008 HASKELL, OK",305,0,0,0,0,1,WHE,64,3.594390972,0.473688717
"2008 HAXTUN, CO",NA,1,1,0,0,NA,NA,96,7.510017373,0.847907098
"2008 HAYS, KS",274,0,0,0,0,NA,FAL,204,4.034310429,0.451994622
"2008 HESSTON, KS",305,0,0,0,0,NA,FAL,128,3.052938266,0.492423644
"2008 HOMESTEAD, OK",282,0,0,0,0,0,SOR,60,2.692232683,0.534166523
"2008 HOMESTEAD, OK",282,0,0,0,0,1,SOR,60,2.236594934,0.490846841
"2008 HOOKER, OK",272,0,0,0,0,0,SOR,51,1.707847093,0.268753899
"2008 JULESBURG, CO",NA,0,0,0,0,NA,NA,114,4.982361755,0.37388718
"2008 KEYES, OK",270,0,0,0,0,0,SOR,55,1.540441401,0.423234166
"2008 KILDARE, OK",306,0,0,0,0,0,WHE,88,3.23220181,0.650900913
"2008 KINGFISHER, OK",303,0,0,0,0,1,WHE,84,3.7927995,0.469015101
"2008 LAHOMA, OK",298,0,0,0,0,1,WHE,92,4.305736674,0.760992845
"2008 LAHOMA, OK",298,0,1,0,0,1,WHE,92,5.148628695,0.516600179
"2008 LAMONT, OK",283,0,0,0,0,1,WHE,77,3.777526441,0.676899679
"2008 MARSHALL, OK",261,0,0,0,1,1,WHE,79,3.719237612,0.471788691
"2008 MARSHALL, OK",303,0,0,0,0,1,WHE,59,4.26357243,0.566212039
"2008 OLUSTEE, OK",277,0,0,0,0,1,WHE,80,3.585944855,0.396194037
"2008 ORCHARD, CO",NA,0,0,0,0,NA,NA,114,1.514293467,0.437367711
"2008 PARSONS, KS",305,0,0,0,0,NA,SOY,132,3.348181848,0.399811815
"2008 ROCKY FORD, CO",NA,1,0,0,0,NA,NA,96,5.724683367,0.642317454
"2008 TRIBUNE, KS",264,0,0,0,0,NA,FAL,204,3.613232619,0.565889219
"2008 YUMA, CO",NA,0,0,0,0,NA,NA,114,2.775398483,0.521786668
"2009 AFTON, OK",288,0,0,0,0,1,MAI,80,1.508011096,0.48340568
"2009 AKRON, CO",NA,0,0,0,0,NA,NA,120,3.457072405,1.176097755
"2009 ALVA, OK",303,0,0,0,0,1,WHE,100,3.021580363,0.390461853
"2009 ARAPAHOE, CO",255,0,0,0,0,NA,NA,120,3.459033849,0.417233706
"2009 BALKO, OK",268,0,0,0,0,0,FAL,107,3.495144838,0.462122731
"2009 BELLEVILLE, KS",275,0,0,0,0,NA,FAL,75,7.073974994,0.422201435
"2009 BUFFALO, OK",273,0,0,0,0,1,WHE,79,4.116758745,0.539014126
"2009 BURLINGTON, CO",255,0,0,0,0,NA,NA,118,4.00550534,0.502235726
"2009 CHEROKEE, OK",NA,0,0,0,0,1,NA,88,2.689506022,0.387952909
"2009 COLBY, KS",263,0,0,0,0,NA,FAL,124,5.436804506,0.478233815
"2009 COLBY, KS",266,1,0,0,0,NA,WHE,96,5.108099332,0.822611547
"2009 COLUMBUS, KS",295,0,0,0,0,NA,SOR,80,2.147554797,0.553990077
"2009 EL RENO, OK",269,0,0,0,0,0,CAN,68,1.629732189,0.424202655
"2009 EL RENO, OK",269,0,0,0,0,1,CAN,68,1.823667867,0.690596894
"2009 EL RENO, OK",269,0,0,0,1,0,CAN,68,1.673503699,0.483222411
"2009 EL RENO, OK",269,0,0,0,1,1,CAN,84,1.915954142,0.583041104
"2009 ELK CITY, OK",274,0,0,0,0,1,WHE,100,1.574559516,0.260180766
"2009 FORT COLLINS, CO",259,1,0,0,0,NA,NA,83,4.812795229,0.8068383
"2009 GAGE, OK",267,0,0,0,1,1,WHE,84,1.681893874,0.242038894
"2009 GARDEN CITY, KS",270,0,0,0,0,NA,FAL,136,3.408800178,0.547021805
"2009 GENOA, CO",255,0,0,0,0,NA,NA,120,3.080979601,0.656186316
"2009 GOODWELL, OK",277,0,0,0,0,0,WHE,108,2.318675434,0.491473357
"2009 HASKELL, OK",287,0,0,0,0,1,WHE,76,1.075664531,0.338933695
"2009 HAXTUN, CO",268,1,0,0,0,NA,NA,84,6.114500272,0.557859178
"2009 HAYS, KS",275,0,0,0,0,NA,FAL,128,4.27239198,0.475742533
"2009 HESSTON, KS",284,0,0,0,0,NA,SOY,88,3.688666837,0.408604254
"2009 HOMESTEAD, OK",308,0,0,0,0,0,SOR,63,2.37896692,0.401538403
"2009 HOMESTEAD, OK",308,0,0,0,0,1,SOR,61,2.35300473,0.368717897
"2009 HOOKER, OK",268,0,0,0,0,0,SOR,75,0.938820892,0.33694582
"2009 JULESBURG, CO",268,0,0,0,0,NA,NA,120,5.530766644,0.437447773
"2009 KEYES, OK",273,0,0,0,0,0,SOR,95,2.635755495,0.510548087
"2009 KILDARE, OK",276,0,0,0,0,0,SOY,83,2.223965127,0.460800615
"2009 KINGFISHER, OK",283,0,0,0,0,1,WHE,80,2.363996301,0.508767953
"2009 LAHOMA, OK",284,0,0,0,0,1,WHE,99,3.535890173,0.457390398
"2009 LAHOMA, OK",284,0,1,0,0,1,WHE,100,3.95205111,0.42148278
"2009 LAMAR, CO",254,0,0,0,0,NA,NA,120,2.557946649,0.404810565
"2009 LAMONT, OK",309,0,0,0,0,1,WHE,80,2.78937458,0.939038303
"2009 MARSHALL, OK",261,0,0,0,1,1,WHE,61,0.655208529,0.247208583
"2009 MARSHALL, OK",294,0,0,0,0,1,WHE,79,1.391979434,0.483228538
"2009 OLUSTEE, OK",297,0,0,0,0,1,WHE,87,1.61959975,0.233811413
"2009 ORCHARD, CO",263,0,0,0,0,NA,NA,120,4.551613988,0.440752256
"2009 PARSONS, KS",294,0,0,0,0,NA,SOY,80,3.207042177,0.472314035
"2009 ROCKY FORD, CO",281,1,0,0,0,NA,NA,84,5.866878022,0.901781601
"2009 ROGGEN, CO",263,0,0,0,0,NA,NA,120,3.801950235,0.358347233
"2009 SHERIDAN LAKE, CO",254,0,0,0,0,NA,NA,120,2.496245236,0.349961685
"2009 WALSH, CO",261,0,0,0,0,NA,NA,120,1.812710155,0.333362987
"2009 YUMA, CO",262,0,0,0,0,NA,NA,120,5.301838153,0.636164794
"2010 AFTON, OK",316,0,0,0,0,1,MAI,84,3.310180293,0.556334638
"2010 AKRON, CO",272,0,0,0,0,NA,NA,120,3.865276844,0.390778838
"2010 ALVA, OK",299,0,0,0,0,1,WHE,108,2.427607163,0.416881796
"2010 APACHE, OK",299,0,0,0,0,0,SOY,80,3.632178884,0.582150274
"2010 APACHE, OK",299,0,1,0,0,0,SOY,80,3.726857767,0.445128075
"2010 ARAPAHOE, CO",254,0,0,0,0,NA,NA,120,4.133658373,0.517791511
"2010 BALKO, OK",268,0,0,0,0,1,FAL,103,4.655898042,0.381969964
"2010 BUFFALO, OK",289,0,0,0,0,1,WHE,95,1.782819524,0.603688623
"2010 BURLINGTON, CO",260,0,1,0,0,NA,NA,120,5.375476351,0.50794058
"2010 CHEROKEE, OK",299,0,0,0,0,1,WHE,104,1.630489887,0.366604745
"2010 COLBY, KS",265,1,0,0,0,NA,FAL,100,6.126891784,0.854650794
"2010 COLBY, KS",271,0,0,0,0,NA,FAL,144,4.920529379,0.659629246
"2010 EL RENO, OK",272,0,0,0,1,1,WHE,89,3.622375192,0.720013709
"2010 FORT COLLINS, CO",261,1,0,0,0,NA,NA,96,7.098324367,0.498682132
"2010 FREDERICK, OK",293,0,0,0,0,1,FAL,75,2.675283569,0.545174359
"2010 GAGE, OK",266,0,0,0,1,1,WHE,88,1.458962524,0.299549168
"2010 GARDEN CITY, KS",268,0,0,0,0,NA,FAL,132,4.922378506,0.419798879
"2010 GARDEN CITY, KS",273,1,0,0,0,NA,SOY,100,4.476692275,0.547650787
"2010 GOODWELL, OK",266,0,0,0,0,0,FAL,118,4.004707465,0.615496852
"2010 GOODWELL, OK",279,1,0,0,0,0,SOY,124,4.071213962,0.452612724
"2010 HASKELL, OK",317,0,0,0,0,1,WHE,88,1.243114569,0.365458398
"2010 HAXTUN, CO",272,1,1,0,0,NA,NA,96,6.254833557,0.500667702
"2010 HAYS, KS",274,0,0,0,0,NA,FAL,144,3.284429608,0.439837963
"2010 HAYS, KS",282,1,0,0,0,NA,FAL,100,4.033155223,0.508788631
"2010 HOMESTEAD, OK",300,0,0,0,0,1,WHE,73,2.699440816,0.493022263
"2010 HOOKER, OK",272,0,0,0,0,0,WHE,80,5.027933759,0.49725527
"2010 JULESBURG, CO",272,0,0,0,0,NA,NA,120,4.094037211,0.455206814
"2010 KEYES, OK",NA,0,0,0,0,0,NA,60,2.844732123,0.335429278
"2010 KINGFISHER, OK",300,0,0,0,0,1,WHE,84,3.500920678,0.400818804
"2010 LAHOMA, OK",301,0,0,0,0,1,WHE,99,1.668310543,0.405758472
"2010 LAHOMA, OK",301,0,1,0,0,1,WHE,100,1.999630128,0.444261361
"2010 LAMAR, CO",253,0,0,0,0,NA,NA,120,3.114548308,0.432504578
"2010 LAMONT, OK",301,0,0,0,0,1,WHE,72,2.886525816,0.52437025
"2010 MARSHALL, OK",260,0,0,0,1,1,WHE,88,3.015031791,0.572603003
"2010 MARSHALL, OK",299,0,0,0,0,1,WHE,80,2.411953598,0.439547468
"2010 OLUSTEE, OK",293,0,0,0,0,1,WHE,76,2.841149612,0.338814542
"2010 ORCHARD, CO",259,0,0,0,0,NA,NA,120,4.531327057,0.431158391
"2010 PARSONS, KS",310,0,0,0,0,NA,MAI,80,2.84999818,0.566057439
"2010 ROCKY FORD, CO",260,1,0,0,0,NA,NA,96,3.830349137,0.478989716
"2010 SHERIDAN LAKE, CO",253,0,0,0,0,NA,NA,120,3.453037436,0.381592553
"2010 TRIBUNE, KS",267,0,0,0,0,NA,FAL,144,4.195539207,0.574838802
"2010 WALSH, CO",264,0,0,0,0,NA,NA,120,3.573470074,0.310135467
"2010 YUMA, CO",273,0,0,0,0,NA,NA,120,3.408764851,0.252413526
"2011 AFTON, OK",278,0,0,0,0,1,MAI,80,2.285911231,0.601973237
"2011 AKRON, CO",274,0,0,0,0,NA,NA,132,2.997085855,0.591097259
"2011 ALVA, OK",279,0,0,0,0,1,WHE,88,2.81811304,0.526219046
"2011 APACHE, OK",279,0,0,0,0,0,OTH,84,1.34860057,0.359402384
"2011 APACHE, OK",301,0,1,0,0,0,OTH,84,1.415201588,0.333968604
"2011 BALKO, OK",279,0,0,0,0,0,FAL,83,2.67482033,0.265660199
"2011 BUFFALO, OK",287,0,0,0,0,1,WHE,78,1.080897695,0.384830533
"2011 CHEROKEE, OK",272,0,0,0,1,1,WHE,92,1.453707494,0.499892342
"2011 EL RENO, OK",263,0,0,0,1,1,WHE,108,2.155091036,0.511784446
"2011 ELK CITY, OK",294,0,0,0,0,0,WHE,88,1.70356728,0.35130223
"2011 FORT COLLINS, CO",253,1,0,0,0,NA,NA,78,6.602348559,0.985519413
"2011 FREDERICK, OK",305,0,0,0,0,0,CAN,96,1.555950179,0.300263247
"2011 GAGE, OK",271,0,0,0,1,1,WHE,76,0.623137366,0.181845888
"2011 GOODWELL, OK",279,1,0,0,0,0,MAI,92,2.34533347,0.504691671
"2011 HAXTUN, CO",271,1,0,0,0,NA,NA,78,8.117531426,0.679936616
"2011 HAYS, KS",274,0,0,0,0,NA,FAL,160,4.068636516,0.463955312
"2011 HAYS, KS",281,1,0,0,0,NA,FAL,144,5.852387357,0.72047267
"2011 HOMESTEAD, OK",280,0,0,0,0,0,WHE,66,2.510861812,0.300037851
"2011 HOOKER, OK",279,0,0,0,0,0,FAL,68,1.466988409,0.23116524
"2011 JULESBURG, CO",257,0,0,0,0,NA,NA,132,3.947800126,0.358824968
"2011 KEYES, OK",271,0,0,0,0,0,FAL,67,1.510323299,0.321463466
"2011 KILDARE, OK",291,0,0,0,0,0,SOY,92,2.401940002,0.631571837
"2011 KINGFISHER, OK",291,0,0,0,0,1,WHE,92,1.253991111,0.417850816
"2011 LAHOMA, OK",277,0,0,0,0,1,WHE,100,3.011223941,0.458875822
"2011 LAHOMA, OK",277,0,1,0,0,1,WHE,100,2.993765972,0.471372084
"2011 LAMAR, CO",270,0,0,0,0,NA,NA,132,3.633154001,0.440719258
"2011 LAMONT, OK",286,0,0,0,0,1,WHE,84,2.801301758,0.461569464
"2011 MARSHALL, OK",257,0,0,0,1,1,WHE,81,1.197074232,0.345901638
"2011 MARSHALL, OK",293,0,0,0,0,1,WHE,88,1.952558538,0.30382275
"2011 MCLOUD, OK",299,0,1,0,0,1,MAI,92,3.211901699,0.355171395
"2011 OLUSTEE, OK",288,0,0,0,0,1,WHE,84,1.099897525,0.200617453
"2011 ORCHARD, CO",271,0,0,0,0,NA,NA,132,2.822695686,0.409125041
"2011 ROCKY FORD, CO",265,1,0,0,0,NA,NA,81,6.538809601,0.754524527
"2011 WALSH, CO",271,0,0,0,0,NA,NA,132,2.441615211,0.522179421
"2011 YUMA, CO",257,0,0,0,0,NA,NA,132,3.716961138,0.457512076
"2012 AFTON, OK",276,0,0,0,0,1,MAI,76,2.440997416,0.96104898
"2012 AKRON, CO",NA,0,0,0,0,NA,NA,126,3.440932526,0.363992143
"2012 ALVA, OK",290,0,0,0,0,1,WHE,94,3.180986994,0.472247307
"2012 APACHE, OK",291,0,0,0,0,0,CAN,88,3.339105582,0.740619051
"2012 APACHE, OK",291,0,1,0,0,0,CAN,88,3.881105949,0.625398052
"2012 ARAPAHOE, CO",NA,0,0,0,0,NA,NA,126,2.533598062,0.473424938
"2012 BALKO, OK",278,0,0,0,0,0,FAL,91,1.801473577,0.216506024
"2012 BUFFALO, OK",301,0,0,0,0,1,WHE,96,1.818944743,0.356008191
"2012 BURLINGTON, CO",NA,0,0,0,0,NA,NA,126,3.74403561,0.817513228
"2012 CALDWELL, KS",NA,0,0,0,0,NA,NA,69,4.101926844,0.551654996
"2012 CHATTANOOGA, OK",297,0,0,0,0,0,OTH,84,2.604781119,0.601262048
"2012 CHEROKEE, OK",286,0,0,0,1,1,WHE,88,3.22924436,0.555244785
"2012 COLBY, KS",264,1,0,0,0,NA,FAL,152,5.458624355,1.056586168
"2012 COLBY, KS",265,0,0,0,0,NA,FAL,152,4.075658038,0.46964702
"2012 EL RENO, OK",270,0,0,0,1,1,WHE,92,2.82571416,0.551204745
"2012 FORT COLLINS, CO",NA,1,0,0,0,NA,NA,96,4.147262385,0.522981948
"2012 GAGE, OK",299,0,0,0,1,0,WHE,90,1.741657326,0.439191152
"2012 GARDEN CITY, KS",272,1,0,0,0,NA,MAI,152,4.461821357,0.627129728
"2012 GENOA, CO",NA,0,0,0,0,NA,NA,126,3.13307928,0.587110034
"2012 GOODWELL, OK",266,0,0,0,0,0,FAL,112,0.944603228,0.201525211
"2012 GOODWELL, OK",276,1,0,0,0,1,FAL,112,3.016614228,0.899198275
"2012 HAXTUN, CO",NA,1,0,0,0,NA,NA,96,8.436939588,0.842866351
"2012 HAYS, KS",271,0,0,0,0,NA,FAL,152,4.334672424,0.547958672
"2012 HAYS, KS",279,1,0,0,0,NA,FAL,152,4.75237143,0.985245079
"2012 HOMESTEAD, OK",286,0,0,0,0,1,WHE,88,3.499167023,0.478140663
"2012 HOOKER, OK",273,0,0,0,0,0,FAL,103,2.249613152,0.28167692
"2012 HUTCHINSON, KS",290,0,0,0,0,NA,FAL,108,2.533636173,0.621034554
"2012 JULESBURG, CO",NA,0,0,0,0,NA,NA,126,4.232448415,0.441933971
"2012 KEYES, OK",273,0,0,0,0,0,FAL,109,1.477366534,0.378065664
"2012 KILDARE, OK",298,0,0,0,0,0,WHE,88,3.400004585,0.55518483
"2012 KINGFISHER, OK",292,0,0,0,0,1,WHE,100,3.900941493,0.487160759
"2012 LAHOMA, OK",293,0,0,0,0,1,WHE,96,3.241726911,0.521419337
"2012 LAHOMA, OK",293,0,1,0,0,1,WHE,96,3.93235121,0.437802568
"2012 LAMAR, CO",NA,0,0,0,0,NA,NA,126,2.838889423,0.398072222
"2012 LAMONT, OK",271,0,0,0,0,1,WHE,84,2.293103724,0.578251031
"2012 MARSHALL, OK",269,0,0,0,1,1,WHE,88,2.494635324,0.636933947
"2012 MARSHALL, OK",292,0,0,0,0,1,WHE,92,2.8375413,0.875382681
"2012 MCLOUD, OK",292,0,1,0,0,1,MAI,82,4.422777896,0.835299291
"2012 OLUSTEE, OK",297,0,0,0,0,0,WHE,88,1.886715168,0.356297912
"2012 ORCHARD, CO",NA,0,0,0,0,NA,NA,126,3.341659461,0.313316754
"2012 PARSONS, KS",287,0,0,0,0,NA,MAI,80,4.408683591,0.748746622
"2012 ROCKY FORD, CO",NA,1,0,0,0,NA,NA,96,7.167114997,0.88022155
"2012 ROGGEN, CO",NA,0,0,0,0,NA,NA,125,1.285971755,0.626459134
"2012 SHERIDAN LAKE, CO",NA,0,0,0,0,NA,NA,126,1.586180762,0.336283364
"2012 THOMAS, OK",273,0,0,0,0,1,WHE,86,1.703242051,0.751931804
"2012 TRIBUNE, KS",263,0,0,0,0,NA,FAL,152,2.649624573,0.689131668
"2012 WELLINGTON, KS",NA,0,0,0,0,NA,NA,72,4.433796608,0.497432005
"2012 YUMA, CO",NA,0,0,0,0,NA,NA,126,4.11929847,0.49366198
"2013 AFTON, OK",285,0,0,0,0,1,MAI,83,3.157825654,0.914368334
"2013 AKRON, CO",NA,0,0,0,0,NA,NA,119,1.180595977,0.487479401
"2013 ALTUS, OK",282,0,0,0,0,1,FAL,152,0.893931618,0.361050179
"2013 ANDALE, KS",NA,0,0,0,0,NA,NA,84,3.813286579,0.680188246
"2013 APACHE, OK",283,0,0,0,0,0,WHE,84,2.706495981,0.535414067
"2013 APACHE, OK",283,0,1,0,0,0,WHE,84,3.075927883,0.550818678
"2013 ARKCITY, KS",NA,0,0,0,0,NA,NA,39,3.372961713,0.610569146
"2013 BELLEVILLE, KS",277,0,0,0,0,NA,FAL,81,5.731109949,0.555669417
"2013 BELOIT, KS",276,0,0,0,0,NA,WHE,81,5.354139165,0.666070063
"2013 BURLINGTON, CO",NA,0,0,0,0,NA,NA,118,0.725838624,0.199497593
"2013 CHATTANOOGA, OK",283,0,0,0,0,0,WHE,88,1.451351104,0.467400304
"2013 CHICKASHA, OK",292,0,0,0,0,1,ALF,160,4.643615501,0.700482391
"2013 CLEARWATER, KS",NA,0,0,0,0,NA,NA,78,4.59831359,0.646882934
"2013 COLBY, KS",268,1,0,0,0,NA,FAL,112,5.777230786,0.922062044
"2013 COLBY, KS",269,0,0,0,0,NA,FAL,152,2.693594196,0.472050783
"2013 CONWAY SPRINGS, KS",278,0,0,0,0,NA,FAL,112,2.637633298,0.45853512
"2013 ELLSWORTH, KS",287,0,0,0,0,NA,FAL,112,2.686665386,0.34625217
"2013 FORT COLLINS, CO",NA,1,0,0,0,NA,NA,90,4.802510648,0.808090226
"2013 GARDEN CITY, KS",278,0,0,0,0,NA,FAL,141,1.091635784,0.309839647
"2013 GARDEN CITY, KS",278,1,0,0,0,NA,MAI,84,2.704630608,0.646586859
"2013 GOODWELL, OK",282,1,0,0,0,1,FAL,168,2.838689275,0.621360884
"2013 GYPSUM, KS",293,0,0,0,0,NA,FAL,112,3.942465655,0.597704287
"2013 HAXTUN, CO",NA,1,0,0,0,NA,NA,83,7.969146255,0.586603722
"2013 HAYS, KS",267,0,0,0,0,NA,FAL,76,4.161660299,0.500506779
"2013 HOMESTEAD, OK",296,0,0,0,0,0,SOR,85,3.756802089,0.51150666
"2013 HOOKER, OK",279,0,0,0,0,0,WHE,90,1.892811776,0.307122227
"2013 HUTCHINSON, KS",276,0,0,0,0,NA,FAL,112,2.741106461,0.400372959
"2013 JULESBURG, CO",NA,0,0,0,0,NA,NA,120,2.42983636,0.27681172
"2013 KILDARE, OK",297,0,0,0,0,0,WHE,92,3.548902079,0.730419081
"2013 KINGFISHER, OK",278,0,0,0,0,1,WHE,88,2.697896925,0.379189557
"2013 LAHOMA, OK",279,0,0,0,0,1,WHE,119,4.139997626,0.438755712
"2013 LAHOMA, OK",279,0,1,0,0,1,WHE,120,4.664587536,0.457674887
"2013 LAMAR, CO",NA,0,0,0,0,NA,NA,120,1.519670477,0.172184187
"2013 LARNED, KS",273,0,0,0,0,NA,SOR,140,3.046142761,0.530758896
"2013 MANHATTAN, KS",279,0,0,0,0,NA,SOY,72,3.333772323,0.367337159
"2013 MARSHALL, OK",261,0,0,0,1,1,WHE,92,3.127196573,0.344904867
"2013 MARSHALL, OK",NA,0,0,0,0,1,NA,92,3.485862986,0.421942427
"2013 MCLOUD, OK",NA,0,1,0,0,1,NA,88,3.646726172,0.66961999
"2013 MOUNDRIDGE, KS",276,0,0,0,0,NA,FAL,112,3.160988087,0.511441265
"2013 ORCHARD, CO",NA,0,0,0,0,NA,NA,120,2.232403049,0.327767008
"2013 OTTAWA, KS",283,0,0,0,0,NA,SOR,80,4.195166443,0.431255869
"2013 OXFORD, KS",NA,0,0,0,0,NA,NA,39,1.596067511,0.134118964
"2013 PARSONS, KS",283,0,0,0,0,NA,MAI,80,3.098074983,0.39247228
"2013 ROGGEN, CO",NA,0,0,0,0,NA,NA,120,2.006332661,0.423863737
"2013 SCOTT CITY, KS",278,1,0,0,0,NA,FAL,112,1.121679556,0.511028698
"2013 THOMAS, OK",290,0,0,0,0,1,CAN,88,1.006365776,0.212971934
"2013 TRIBUNE, KS",282,0,0,0,0,NA,FAL,152,2.067903036,0.550982007
"2013 WAKEENEY, KS",267,0,0,0,0,NA,SOR,152,2.340415177,0.514582394
"2013 WALSH, CO",NA,0,0,0,0,NA,NA,116,1.111645757,0.460575243
"2013 YUMA, CO",NA,0,0,0,0,NA,NA,120,1.533456624,0.29239573
"2014 AFTON, OK",298,0,0,0,0,1,MAI,86,3.755774855,0.50939024
"2014 AKRON, CO",269,0,0,0,0,NA,NA,132,4.414725602,0.926658344
"2014 ANDALE, KS",NA,0,0,0,0,NA,NA,63,3.786107125,0.311232572
"2014 BALKO, OK",268,0,0,0,0,0,FAL,102,0.914988726,0.197123606
"2014 BELLE PLAINE, KS",NA,0,0,0,0,NA,NA,63,2.656026631,0.535343146
"2014 BELLEVILLE, KS",274,0,0,0,0,NA,FAL,84,5.005607819,0.630051191
"2014 BURLINGTON, CO",267,0,0,0,0,NA,NA,132,3.087770781,0.542068451
"2014 CALDWELL, KS",NA,0,0,0,0,NA,NA,63,1.773393518,0.302998966
"2014 CHICKASHA, OK",295,0,0,0,0,1,OTH,157,2.909530153,0.439173194
"2014 CHICKASHA, OK",295,0,1,1,0,1,OTH,166,2.912972671,0.545893151
"2014 CLEARWATER, KS",NA,0,0,0,0,NA,NA,62,2.37485219,0.311540614
"2014 COLBY, KS",266,1,0,0,0,NA,FAL,136,6.65404747,0.665954384
"2014 COLBY, KS",267,0,0,0,0,NA,FAL,152,2.934534414,0.401054451
"2014 CONWAY SPRINGS, KS",281,0,0,0,0,NA,FAL,112,2.385255548,0.288856391
"2014 ELLSWORTH, KS",282,0,0,0,0,NA,FAL,128,3.58308465,0.630413518
"2014 FORT COLLINS, CO",275,1,0,0,0,NA,NA,90,6.812000299,0.627633556
"2014 GARDEN CITY, KS",281,1,0,0,0,NA,MAI,96,4.957600594,1.056463944
"2014 GOODWELL, OK",280,1,0,0,0,1,FAL,176,4.185195941,0.83280199
"2014 GYPSUM, KS",283,0,0,0,0,NA,FAL,128,3.883395679,0.534200389
"2014 HAXTUN, CO",296,1,0,0,0,NA,NA,84,7.665882089,0.77705348
"2014 HAYS, KS",274,0,0,0,0,NA,FAL,152,2.467983123,0.444455609
"2014 HOMESTEAD, OK",295,0,0,0,0,0,WHE,104,1.760908644,0.364390762
"2014 HOOKER, OK",268,0,0,0,0,0,FAL,96,2.500161119,0.614537823
"2014 HUTCHINSON, KS",296,0,0,0,0,NA,FAL,112,3.212244212,0.485457769
"2014 JULESBURG, CO",269,0,0,0,0,NA,NA,132,5.610900532,1.003560609
"2014 KINGFISHER, OK",283,0,0,0,0,1,WHE,96,2.397731731,0.527904801
"2014 LAHOMA, OK",282,0,0,0,0,1,WHE,173,3.141029578,0.502625526
"2014 LAHOMA, OK",282,0,1,0,0,1,WHE,175,2.97843789,0.431918525
"2014 LAMAR, CO",266,0,0,0,0,NA,NA,132,1.644759634,0.282171661
"2014 LARNED, KS",280,0,0,0,0,NA,SOR,136,1.20389691,0.273222311
"2014 MANHATTAN, KS",297,0,0,0,0,NA,SOY,84,4.389870945,0.407818515
"2014 MARSHALL, OK",266,0,0,0,1,1,WHE,96,1.207646828,0.260102053
"2014 MARSHALL, OK",294,0,0,0,0,1,WHE,94,1.534612028,0.271136538
"2014 MCLOUD, OK",323,0,0,0,0,1,SOY,92,2.207903278,0.234781285
"2014 MOUNDRIDGE, KS",290,0,0,0,0,NA,FAL,112,1.953898069,0.329867792
"2014 ORCHARD, CO",274,0,0,0,0,NA,NA,132,3.861802286,0.482209011
"2014 OTTAWA, KS",281,0,0,0,0,NA,SOR,76,5.993505115,0.325964136
"2014 PARSONS, KS",298,0,0,0,0,NA,MAI,57,2.811347468,0.423906161
"2014 ROGGEN, CO",275,0,0,0,0,NA,NA,108,5.406797181,0.684026169
"2014 SCOTT CITY, KS",276,1,0,0,0,NA,FAL,136,5.735887496,0.985630315
"2014 SHERIDAN LAKE, CO",262,0,0,0,0,NA,NA,132,2.61167492,0.532110975
"2014 THOMAS, OK",290,0,0,0,0,1,WHE,96,0.88671262,0.258163317
"2014 TRIBUNE, KS",269,0,0,0,0,NA,FAL,144,3.25235257,0.550830904
"2014 WAKEENEY, KS",269,0,0,0,0,NA,SOR,152,2.020811595,0.246917375
"2014 WALSH, CO",275,0,0,0,0,NA,NA,132,2.365551955,0.713205906
"2014 WALTERS, OK",267,0,0,0,1,0,CAN,92,1.972215725,0.431074979
"2014 YUMA, CO",263,0,0,0,0,NA,NA,132,4.752093905,0.657937413
"2015 AFTON, OK",280,0,1,0,0,0,MAI,88,4.170332274,0.774712196
"2015 AKRON, CO",261,0,1,0,0,NA,NA,132,2.983890689,1.301050986
"2015 ALTUS, OK",282,0,0,0,0,1,FAL,195,2.919717897,0.568004555
"2015 ALVA, OK",297,0,0,0,0,1,WHE,99,3.117618689,0.568736113
"2015 ANDALE, KS",NA,0,0,0,0,NA,NA,84,4.438833224,0.781767857
"2015 APACHE, OK",296,0,0,0,0,0,WHE,88,2.951412239,0.584605147
"2015 APACHE, OK",296,0,1,0,0,0,WHE,88,4.005777343,0.510726666
"2015 ARKCITY, KS",NA,0,0,0,0,NA,NA,84,4.034500768,0.602035794
"2015 BALKO, OK",275,0,1,0,0,0,FAL,95,4.662542031,0.63882099
"2015 BELLE PLAINE, KS",NA,0,0,0,0,NA,NA,78,3.425217454,0.485935301
"2015 BELLEVILLE, KS",281,0,0,0,0,NA,FAL,90,2.908167078,0.758788793
"2015 BELOIT, KS",290,0,0,0,0,NA,WHE,90,4.703728611,1.063850687
"2015 BUFFALO, OK",288,0,0,0,0,0,WHE,96,3.830545281,0.606286492
"2015 BURLINGTON, CO",259,0,1,0,0,NA,NA,132,4.720048501,0.771380139
"2015 CALDWELL, KS",NA,0,0,0,0,NA,NA,75,2.617758124,0.554554587
"2015 CHEROKEE, OK",272,0,0,0,1,1,WHE,100,3.200248823,0.532392641
"2015 CHICKASHA, OK",294,0,0,0,0,1,OTH,200,3.028520511,0.949510715
"2015 CHICKASHA, OK",294,0,1,1,0,1,OTH,200,4.729498991,0.596595727
"2015 CLEARWATER, KS",NA,0,0,0,0,NA,NA,83,2.845261952,0.754171269
"2015 COLBY, KS",265,0,0,0,0,NA,FAL,90,1.5520433,0.710728887
"2015 COLBY, KS",265,1,0,0,0,NA,FAL,124,4.39846016,1.37109819
"2015 CONWAY SPRINGS, KS",279,0,0,0,0,NA,FAL,128,2.383594275,0.360391717
"2015 DODGE CITY, KS",272,0,0,0,0,NA,FAL,144,3.966682576,0.45979288
"2015 ELLSWORTH, KS",280,0,0,0,0,NA,FAL,124,3.664199247,0.766316758
"2015 FORT COLLINS, CO",265,1,0,0,0,NA,NA,96,5.893647725,1.120152765
"2015 GARDEN CITY, KS",272,1,0,0,0,NA,MAI,124,5.999083493,1.345422465
"2015 GENOA, CO",263,0,0,0,0,NA,NA,132,2.345682786,0.732962013
"2015 GOODWELL, OK",279,1,0,0,0,1,FAL,200,4.291768662,1.178004917
"2015 GYPSUM, KS",301,0,0,0,0,NA,FAL,124,3.567594047,0.755418562
"2015 HAXTUN, CO",289,1,1,0,0,NA,NA,96,3.465940933,0.896461317
"2015 HAYS, KS",279,0,0,0,0,NA,FAL,136,4.620114583,0.698042286
"2015 HOMESTEAD, OK",290,0,0,0,0,0,WHE,96,1.789600146,0.339690406
"2015 HOOKER, OK",268,0,0,0,0,0,FAL,108,3.415116192,0.80774286
"2015 HUTCHINSON, KS",294,0,0,0,0,NA,FAL,128,2.111431613,0.603483165
"2015 JULESBURG, CO",265,0,0,0,0,NA,NA,132,4.539086222,0.81887721
"2015 KEYES, OK",268,0,0,0,0,0,FAL,96,5.320710043,1.270836877
"2015 KILDARE, OK",293,0,0,0,0,0,WHE,104,2.824989654,0.608369025
"2015 KINGFISHER, OK",281,0,0,0,0,1,WHE,92,3.769955557,0.464851968
"2015 LAHOMA, OK",293,0,0,0,0,1,WHE,215,3.388254797,0.690344381
"2015 LAHOMA, OK",293,0,1,0,0,1,WHE,216,4.459052529,0.511282812
"2015 LAMAR, CO",258,0,1,0,0,NA,NA,132,1.897556602,0.422158934
"2015 LARNED, KS",270,0,1,0,0,NA,SOR,144,4.946094295,0.837595548
"2015 MANHATTAN, KS",303,0,0,0,0,NA,SOY,80,3.651843053,0.559067816
"2015 MARSHALL, OK",255,0,0,0,1,1,WHE,88,2.323072691,0.508207623
"2015 MARSHALL, OK",297,0,0,0,0,1,WHE,80,2.502362139,0.606153031
"2015 MCLOUD, OK",297,0,0,0,0,1,MAI,92,3.755138739,0.661310239
"2015 MOUNDRIDGE, KS",279,0,0,0,0,NA,FAL,128,4.22789742,0.652435756
"2015 ORCHARD, CO",266,0,1,0,0,NA,NA,88,6.786314728,0.893019618
"2015 OTTAWA, KS",294,0,0,0,0,NA,SOR,60,3.524391247,0.720120116
"2015 PARSONS, KS",302,0,0,0,0,NA,MAI,60,3.112318643,0.664393787
"2015 ROGGEN, CO",266,0,1,0,0,NA,NA,132,3.589492776,1.146147585
"2015 SCOTT CITY, KS",267,1,0,0,0,NA,FAL,124,4.827353732,0.814097222
"2015 SHERIDAN LAKE, CO",258,0,0,0,0,NA,NA,132,4.040879542,0.933945347
"2015 THOMAS, OK",304,0,0,0,0,1,WHE,91,2.02038177,0.653341344
"2015 TRIBUNE, KS",269,0,0,0,0,NA,FAL,136,4.952467468,1.109902646
"2015 UNION CITY, OK",266,0,0,0,1,1,CAN,91,2.395663516,0.73615832
"2015 WAKEENEY, KS",271,0,1,0,0,NA,SOR,136,3.877855968,0.714692385
"2015 WALTERS, OK",261,0,0,0,1,0,CAN,75,1.745509975,0.532800336
"2015 YUMA, CO",265,0,1,0,0,NA,NA,132,6.025401969,0.937721196
"2016 AFTON, OK",273,0,0,0,0,0,MAI,79,2.661232794,0.428025711
"2016 ALTUS, OK",302,0,0,0,0,1,WHE,188,2.945449212,0.710729425
"2016 ALVA, OK",294,0,0,0,0,1,WHE,108,3.643035941,0.457939439
"2016 ANDALE, KS",NA,0,0,0,0,NA,NA,87,3.964551013,0.314974263
"2016 APACHE, OK",286,0,0,0,0,0,WHE,80,4.09433423,0.844914235
"2016 APACHE, OK",286,0,1,0,0,0,WHE,72,4.830774116,0.801116775
"2016 ARAPAHOE, CO",259,0,0,0,0,NA,NA,138,6.031451322,0.704162832
"2016 ARGONIA, KS",NA,0,0,0,0,NA,NA,70,3.384119512,0.625563043
"2016 ARKCITY, KS",NA,0,0,0,0,NA,NA,87,2.577070241,0.476434225
"2016 BELLEVILLE, KS",273,0,0,0,0,NA,FAL,105,5.401095206,1.478674934
"2016 BELOIT, KS",NA,0,0,0,0,NA,WHE,105,5.057162071,0.689001296
"2016 BUFFALO, OK",285,0,0,0,0,0,WHE,96,4.903377886,0.64483904
"2016 CALDWELL, KS",NA,0,0,0,0,NA,NA,56,4.440147949,0.463149629
"2016 CHEROKEE, OK",NA,0,1,0,1,1,NA,100,4.270753194,0.657629766
"2016 CHICKASHA, OK",293,0,0,0,0,1,OTH,188,4.047149766,1.1022147
"2016 CHICKASHA, OK",293,0,1,1,0,1,OTH,181,5.643949217,0.792933364
"2016 CLEARWATER, KS",NA,0,0,0,0,NA,NA,87,4.36702765,0.487356316
"2016 COLBY, KS",271,1,0,0,0,NA,FAL,156,8.157190035,0.808965348
"2016 COLBY, KS",272,0,0,0,0,NA,FAL,147,5.346627086,0.787304257
"2016 CONWAY SPRINGS, KS",286,0,0,0,0,NA,FAL,132,4.542856269,0.686310883
"2016 CONWAY SPRINGS, KS",286,0,1,1,0,NA,NA,132,4.920625217,0.69044357
"2016 DECATUR, KS",NA,0,0,0,0,NA,SOR,148,6.074389302,1.009034452
"2016 ELLSWORTH, KS",282,0,0,0,0,NA,FAL,105,3.540812614,0.803516351
"2016 ELLSWORTH, KS",282,0,1,1,0,NA,NA,105,4.541662358,0.775270634
"2016 FORT COLLINS, CO",266,1,1,0,0,NA,NA,96,5.080769446,0.938574436
"2016 GARDEN CITY, KS",277,1,1,0,0,NA,MAI,156,7.835985519,0.854409248
"2016 GOODWELL, OK",286,1,0,0,0,1,FAL,196,5.509696279,0.833179573
"2016 GYPSUM, KS",286,0,1,0,0,NA,FAL,140,5.190268037,0.525813911
"2016 HAXTUN, CO",287,1,1,0,0,NA,NA,96,6.237110513,0.765029877
"2016 HAYS, KS",295,0,0,0,0,NA,FAL,148,5.505094928,1.217687381
"2016 HEALY, KS",266,1,1,0,0,NA,FAL,156,5.379301295,0.840799322
"2016 HOMESTEAD, OK",281,0,0,0,0,0,FAL,92,5.427005058,0.77987724
"2016 HOOKER, OK",301,0,0,0,0,0,FAL,99,3.391466786,0.80950081
"2016 HUTCHINSON, KS",281,0,1,0,0,NA,CAN,172,3.750427879,0.453375961
"2016 JULESBURG, CO",267,0,1,0,0,NA,NA,138,6.053039385,0.485773779
"2016 KILDARE, OK",288,0,0,0,0,0,WHE,100,3.457262946,0.749435316
"2016 LAHOMA, OK",300,0,0,0,0,1,WHE,200,4.411792199,0.76838483
"2016 LAHOMA, OK",300,0,1,0,0,1,WHE,200,5.372505044,0.558713646
"2016 LAMAR, CO",258,0,1,0,0,NA,NA,138,3.986676803,0.593825427
"2016 LAMONT, OK",279,0,1,0,0,1,WHE,104,4.571963427,0.952253112
"2016 LARNED, KS",273,0,1,0,0,NA,SOR,160,6.358340026,1.317160744
"2016 MANHATTAN, KS",282,0,0,0,0,NA,SOY,66,3.245195737,0.555937112
"2016 MANHATTAN, KS",293,0,1,0,0,0,SOY,96,1.841235555,0.411685218
"2016 MARSHALL, OK",258,0,0,0,1,1,WHE,100,2.842138534,0.684262011
"2016 MARSHALL, OK",288,0,0,0,0,1,WHE,100,3.239710827,0.84136056
"2016 MEADE, KS",273,0,0,0,0,NA,FAL,160,6.929426236,0.815837835
"2016 MOUNDRIDGE, KS",280,0,0,0,0,NA,FAL,132,4.045108109,0.881403656
"2016 MOUNDRIDGE, KS",280,0,1,1,0,NA,NA,132,4.302337429,1.007755667
"2016 NEWTON, KS",NA,0,0,0,0,NA,NA,83,3.628969138,0.400349137
"2016 ORCHARD, CO",267,0,1,0,0,NA,NA,138,3.211796926,0.404124506
"2016 PARSONS, KS",288,0,0,0,0,NA,MAI,88,4.463624509,0.492855712
"2016 ROCKY FORD, CO",274,1,0,0,0,NA,NA,96,6.549260256,0.843436893
"2016 ROGGEN, CO",266,0,1,0,0,NA,NA,138,6.685135912,0.696570815
"2016 SHERIDAN LAKE, CO",258,0,1,0,0,NA,NA,138,6.909252166,0.591900218
"2016 THOMAS, OK",275,0,1,0,0,1,WHE,84,4.458305313,1.0131602
"2016 TRIBUNE, KS",286,0,0,0,0,NA,FAL,148,4.554591557,0.616631923
"2016 UNION CITY, OK",274,0,0,0,1,1,WHE,96,3.903279814,0.676198981
"2016 WALSH, CO",274,0,0,0,0,NA,NA,138,3.81811448,0.549109157
"2016 WALTERS, OK",254,0,0,0,1,0,CAN,76,2.132808905,0.529635083
"2016 YUMA, CO",267,0,1,0,0,NA,NA,136,5.506101903,0.808934583
"2017 AFTON, OK",278,0,0,0,0,0,MAI,118,2.159991109,0.4725441
"2017 AKRON, CO",258,0,0,0,0,NA,NA,138,6.336949212,0.751557182
"2017 ALTUS, OK",294,0,0,0,0,1,WHE,187,1.993257069,0.423315496
"2017 ALVA, OK",288,0,0,0,0,1,WHE,120,3.892664201,0.457553116
"2017 APACHE, OK",284,0,0,0,0,0,CAN,88,4.172984044,0.66573119
"2017 APACHE, OK",284,0,1,0,0,0,CAN,88,4.532554869,0.730649597
"2017 ARAPAHOE, CO",257,0,0,0,0,NA,NA,136,3.747774833,1.009119332
"2017 BALKO, OK",282,0,0,0,0,0,FAL,133,2.206830122,0.537521796
"2017 BELLEVILLE, KS",277,0,0,0,0,NA,FAL,160,5.938971083,0.717282518
"2017 BELOIT, KS",288,0,0,0,0,NA,WHE,160,4.941577001,0.775759671
"2017 BUFFALO, OK",287,0,0,0,0,0,FAL,57,5.115975885,0.5841983
"2017 BURLINGTON, CO",257,0,0,0,0,NA,NA,135,5.8903086,0.993962277
"2017 BURLINGTON, CO",285,1,0,0,0,NA,NA,96,7.196396548,0.886354034
"2017 CHEROKEE, OK",292,0,1,0,0,1,WHE,116,4.822594671,0.598124697
"2017 CHICKASHA, OK",295,0,0,0,0,1,OTH,185,1.925116778,0.5434114
"2017 CHICKASHA, OK",295,0,1,1,0,1,OTH,188,3.249431241,0.529846031
"2017 CONWAY SPRINGS, KS",285,0,0,0,0,NA,FAL,144,4.329062631,0.562454445
"2017 CONWAY SPRINGS, KS",285,0,1,1,0,NA,NA,144,4.757480853,0.537184841
"2017 ELLSWORTH, KS",281,0,0,0,0,NA,WHE,114,5.879686987,0.771282622
"2017 ELLSWORTH, KS",281,0,1,1,0,NA,WHE,114,6.548295946,0.898054956
"2017 FORT COLLINS, CO",270,1,0,0,0,NA,NA,105,6.434303647,0.845806752
"2017 GOODWELL, OK",280,1,0,0,0,1,FAL,211,3.217285989,0.601507609
"2017 HAXTUN, CO",289,1,0,0,0,NA,NA,96,5.027180004,0.918478756
"2017 HOMESTEAD, OK",285,0,0,0,0,1,FAL,101,3.241419031,0.481868165
"2017 HUTCHINSON, KS",287,0,1,0,0,NA,CAN,192,6.499804656,0.618119364
"2017 JULESBURG, CO",258,0,0,0,0,NA,NA,138,3.936483339,0.60800974
"2017 KILDARE, OK",291,0,0,0,0,0,WHE,100,3.244431742,0.580401715
"2017 KINGFISHER, OK",277,0,0,0,0,1,WHE,81,1.467550043,0.384796515
"2017 LAHOMA, OK",293,0,0,0,0,1,WHE,220,3.985422143,0.817686974
"2017 LAHOMA, OK",293,0,1,0,0,1,WHE,221,5.067815487,0.63792948
"2017 MANHATTAN, KS",292,0,1,0,0,NA,SOY,92,5.930761513,0.709286646
"2017 MANHATTAN, KS",322,0,0,0,0,0,SOY,117,2.476269405,0.406001928
"2017 MARSHALL, OK",256,0,0,0,1,1,WHE,89,1.4205587,0.501905841
"2017 MARSHALL, OK",287,0,0,0,0,1,WHE,96,1.981555425,0.607984879
"2017 MOUNDRIDGE, KS",285,0,0,0,0,NA,WHE,144,4.572722797,0.596649511
"2017 MOUNDRIDGE, KS",285,0,1,1,0,NA,NA,144,5.176365761,0.626058144
"2017 ORCHARD, CO",260,0,0,0,0,NA,NA,138,3.162139509,0.565719392
"2017 OTTAWA, KS",294,0,0,0,0,NA,SOY,80,2.938557262,0.70514579
"2017 PARSONS, KS",301,0,0,0,0,NA,MAI,80,3.838419892,0.588233076
"2017 ROGGEN, CO",272,0,0,0,0,NA,NA,138,4.673401363,0.530022924
"2017 SHERIDAN LAKE, CO",257,0,1,0,0,NA,NA,138,4.559613267,0.646136928
"2017 THOMAS, OK",286,0,0,0,0,1,WHE,96,4.019145091,0.60402221
"2017 TRIBUNE, KS",274,0,0,0,0,NA,FAL,148,2.978857811,0.823343266
"2017 UNION CITY, OK",258,0,0,0,1,1,WHE,87,2.477749693,0.665484309
"2017 WALTERS, OK",279,0,0,0,1,0,CAN,80,1.163113652,0.267301198
"2017 YUMA, CO",258,0,0,0,0,NA,NA,134,4.526643849,0.888049384
"2018 AFTON, OK",293,0,0,0,0,1,MAI,120,2.736213853,0.668764732
"2018 AKRON, CO",281,0,0,0,0,NA,NA,168,5.697313223,0.536382756
"2018 ALTUS, OK",296,0,0,0,0,1,WHE,138,0.997997135,0.433173297
"2018 ALVA, OK",290,0,0,0,0,1,WHE,133,0.887632666,0.311037542
"2018 ANDALE, KS",NA,0,0,0,0,NA,NA,120,3.648882469,0.338405262
"2018 ANTHONY, KS",NA,0,0,0,0,NA,NA,116,3.134069356,0.537547248
"2018 APACHE, OK",292,0,0,0,0,0,SOY,120,2.112172159,0.487564207
"2018 APACHE, OK",NA,0,1,0,0,0,NA,120,2.116050213,0.45104115
"2018 ARAPAHOE, CO",263,0,0,0,0,NA,NA,168,4.114908573,0.499719308
"2018 BALKO, OK",286,0,0,0,0,0,FAL,175,2.397582861,0.503008955
"2018 BELLE PLAINE, KS",NA,0,0,0,0,NA,NA,113,3.220944119,0.680880444
"2018 BELLEVILLE, KS",292,0,0,0,0,NA,FAL,184,2.989856556,0.394083158
"2018 BELOIT, KS",292,0,0,0,0,NA,FAL,184,1.939112767,0.26558972
"2018 BUFFALO, OK",289,0,0,0,0,0,FAL,72,2.084164612,0.379268928
"2018 BURLINGTON, CO",263,0,0,0,0,NA,NA,168,5.483916162,0.602552107
"2018 CALDWELL, KS",NA,0,0,0,0,NA,NA,110,2.780930685,0.372629998
"2018 CHEROKEE, OK",283,0,0,0,0,1,WHE,144,1.936126989,0.646146011
"2018 CHICKASHA, OK",303,0,0,0,0,1,OTH,189,3.809929441,0.657815171
"2018 CHICKASHA, OK",303,0,1,1,0,1,OTH,191,4.870923219,0.58669995
"2018 CLEARWATER, KS",NA,0,0,0,0,NA,NA,120,3.502545469,0.493133853
"2018 COLBY, KS",286,0,0,0,0,NA,FAL,208,3.066437057,0.525780876
"2018 COLBY, KS",286,1,0,0,0,NA,FAL,168,6.745610036,0.512296764
"2018 CONWAY SPRINGS, KS",291,0,0,0,0,NA,FAL,106,3.304843233,0.23467025
"2018 CONWAY SPRINGS, KS",291,0,1,1,0,NA,FAL,106,3.507575085,0.240393126
"2018 DECATUR, KS",288,0,0,0,0,NA,FAL,204,2.326407295,0.340368468
"2018 FORT COLLINS, CO",265,1,0,0,0,NA,NA,135,6.927196194,0.544016384
"2018 GARDEN CITY, KS",287,1,0,0,0,NA,MAI,176,5.105661949,0.704841939
"2018 GOODWELL, OK",285,1,0,0,0,1,FAL,200,5.402249496,0.714778838
"2018 GREAT BEND, KS",285,0,0,0,0,0,WHE,74,4.862559937,0.644909275
"2018 GREAT BEND, KS",285,0,1,1,0,0,WHE,85,5.23109144,0.693014825
"2018 GYPSUM, KS",291,0,0,0,0,NA,FAL,188,2.744387529,0.282261014
"2018 HAXTUN, CO",296,1,0,0,0,NA,NA,114,5.339845916,0.447199127
"2018 HAYS, KS",276,0,0,0,0,NA,FAL,204,3.072666398,0.555093389
"2018 HOMESTEAD, OK",NA,0,0,0,0,1,NA,125,0.947776732,0.356791671
"2018 HOOKER, OK",285,0,0,0,0,0,FAL,164,2.366247314,0.417551318
"2018 HUTCHINSON, KS",298,0,0,0,0,NA,FAL,212,1.91272552,0.40569024
"2018 JULESBURG, CO",281,0,0,0,0,NA,NA,168,4.378822814,0.35522749
"2018 KEYES, OK",285,0,0,0,0,0,FAL,152,2.004154426,0.337464301
"2018 KILDARE, OK",293,0,1,0,0,0,WHE,100,2.358123739,0.422407263
"2018 KINGFISHER, OK",276,0,0,0,0,1,WHE,131,0.691848437,0.245209352
"2018 LAHOMA, OK",284,0,0,0,0,1,WHE,204,2.137874652,0.626226228
"2018 LAHOMA, OK",NA,0,1,0,0,1,NA,204,2.084480531,0.671283663
"2018 LAMAR, CO",264,0,0,0,0,NA,NA,168,4.555793064,0.506455141
"2018 LAMONT, OK",292,0,0,0,0,1,ALF,140,1.87448362,0.423907603
"2018 LARNED, KS",287,0,0,0,0,NA,FAL,192,5.319323022,0.434089682
"2018 LORRAINE, KS",290,0,0,0,0,NA,FAL,145,4.445762122,0.466194712
"2018 LORRAINE, KS",290,0,1,1,0,NA,FAL,143,4.909368372,0.4972838
"2018 MANHATTAN, KS",303,0,0,0,0,NA,FAL,108,3.127243518,0.333141418
"2018 MARSHALL, OK",290,0,0,0,0,1,WHE,112,2.444693294,0.328465685
"2018 MARSHALL, OK",NA,0,0,0,1,1,NA,79,0.924740153,0.283398065
"2018 MAYFIELD, KS",NA,0,0,0,0,NA,NA,120,3.15208426,0.589308794
"2018 MCPHERSON, KS",292,0,0,0,0,NA,FAL,159,3.718734271,0.494226836
"2018 MCPHERSON, KS",292,0,1,1,0,NA,FAL,159,3.776418689,0.508831283
"2018 MULLINVILLE, KS",284,0,0,0,0,NA,FAL,192,3.624646464,0.492299309
"2018 NEWTON, KS",NA,0,0,0,0,NA,NA,114,3.270084856,0.427933609
"2018 ORCHARD, CO",261,0,0,0,0,NA,NA,168,3.43993179,0.533446942
"2018 OTTAWA, KS",305,0,0,0,0,NA,FAL,92,2.582429257,0.342946221
"2018 PARSONS, KS",305,0,0,0,0,NA,FAL,92,3.474110888,0.480694824
"2018 SHERIDAN LAKE, CO",263,0,0,0,0,NA,NA,168,3.715494604,0.616321929
"2018 THOMAS, OK",292,0,0,0,0,1,WHE,131,1.139822482,0.423280774
"2018 TRIBUNE, KS",285,0,0,0,0,NA,FAL,200,4.372046728,0.422855838
"2018 UNION CITY, OK",NA,0,0,0,1,1,NA,94,1.123474366,0.434781776
"2018 WALSH, CO",285,0,0,0,0,NA,NA,164,2.546541572,0.456166123
"2018 WALTERS, OK",NA,0,0,0,1,0,NA,104,3.98966039,0.714286695
"2018 YUMA, CO",279,0,0,0,0,NA,NA,167,4.659061165,0.662441047
